"","X1","Dscore","att","tfat","tthin","sex","STATE","therm.diff"
"1",1,0.654192025376028,-0.8979079883257,10,10,1,"PA",0
"2",2,-0.0277649301440087,NA,NA,NA,NA,NA,NA
"3",3,NA,-0.8979079883257,6,6,1,"GA",0
"4",4,0.481895734939309,0.483265634160461,5,7,1,"OH",2
"5",5,-0.0954239411873733,1.86443925664662,6,9,NA,NA,3
"6",6,NA,NA,NA,NA,NA,NA,NA
"7",7,NA,NA,NA,NA,NA,NA,NA
"8",8,NA,NA,NA,NA,NA,NA,NA
"9",9,0.360404216519819,0.483265634160461,8,8,NA,"LA",0
"10",10,0.0579426423704969,0.483265634160461,NA,NA,NA,NA,NA
"11",11,-0.180660123635275,NA,NA,NA,NA,NA,NA
"12",12,NA,NA,NA,NA,NA,NA,NA
"13",13,-0.00113950802996611,-0.8979079883257,10,10,2,"WA",0
"14",14,0.276332286705268,-0.8979079883257,7,8,1,"WI",1
"15",15,NA,NA,NA,NA,NA,NA,NA
"16",16,NA,NA,NA,NA,NA,NA,NA
"17",17,0.28634635492941,0.483265634160461,4,4,1,"TX",0
"18",18,-0.0502623164068136,1.86443925664662,1,10,1,"NJ",9
"19",19,NA,NA,NA,NA,NA,NA,NA
"20",20,NA,NA,NA,NA,NA,NA,NA
"21",21,NA,NA,NA,NA,NA,NA,NA
"22",22,0.678561575020462,0.483265634160461,5,5,1,"ME",0
"23",23,-0.0793729064569376,-0.8979079883257,9,10,1,"CA",1
"24",24,NA,NA,NA,NA,NA,NA,NA
"25",25,NA,-0.8979079883257,5,5,2,"OH",0
"26",26,NA,NA,NA,NA,NA,NA,NA
"27",27,NA,NA,NA,NA,NA,NA,NA
"28",28,0.53330380143998,-0.8979079883257,5,5,2,"OH",0
"29",29,NA,-0.8979079883257,5,5,2,"OH",0
"30",30,0.0709294081472853,0.483265634160461,8,8,NA,NA,0
"31",31,0.38225415298187,0.483265634160461,8,6,2,"CA",-2
"32",32,0.0143149027615366,0.483265634160461,5,6,2,"MN",1
"33",33,0.647422121490758,0.483265634160461,10,10,1,"MN",0
"34",34,NA,-0.8979079883257,6,6,1,NA,0
"35",35,0.290420264745425,0.483265634160461,5,5,1,"MN",0
"36",36,-0.155659047603542,1.86443925664662,8,8,1,"MA",0
"37",37,NA,NA,NA,NA,NA,NA,NA
"38",38,0.436296956674779,0.483265634160461,3,6,1,"OH",3
"39",39,-0.137351863265347,-0.8979079883257,5,5,1,NA,0
"40",40,0.198299374411663,NA,NA,NA,NA,NA,NA
"41",41,-0.152146838282171,0.483265634160461,7,3,NA,NA,-4
"42",42,0.831383531221469,-0.8979079883257,5,5,1,"IL",0
"43",43,-0.20601143072644,NA,NA,NA,NA,NA,NA
"44",44,0.710937467604894,NA,NA,NA,NA,NA,NA
"45",45,0.229513956454929,-0.8979079883257,4,8,1,"IL",4
"46",46,NA,NA,NA,NA,NA,NA,NA
"47",47,0.648110860177029,NA,NA,10,1,"NY",NA
"48",48,0.164294472080672,-0.8979079883257,5,5,1,"MN",0
"49",49,NA,NA,NA,NA,NA,NA,NA
"50",50,0.319636373262806,0.483265634160461,6,8,1,"IL",2
"51",51,0.898828244301021,-0.8979079883257,6,5,1,"NC",-1
"52",52,-0.507512970109713,NA,NA,NA,NA,NA,NA
"53",53,0.318152535051424,NA,NA,NA,NA,NA,NA
"54",54,0.193698190338087,0.483265634160461,4,7,1,"MO",3
"55",55,NA,NA,NA,NA,NA,NA,NA
"56",56,NA,NA,NA,NA,NA,NA,NA
"57",57,0.909833810404189,-0.8979079883257,5,7,1,"IN",2
"58",58,0.574816182231728,0.483265634160461,5,6,1,NA,1
"59",59,0.0997627936018274,-0.8979079883257,8,8,1,"AZ",0
"60",60,-0.0286023391105866,-0.8979079883257,5,5,1,NA,0
"61",61,-0.0196056510047146,1.86443925664662,5,10,2,"CT",5
"62",62,0.912411126853596,0.483265634160461,4,8,2,"TX",4
"63",63,0.100859394737578,0.483265634160461,6,8,1,"TN",2
"64",64,0.125368350798492,-0.8979079883257,5,5,1,"TX",0
"65",65,0.189574047793779,-0.8979079883257,10,5,1,"CA",-5
"66",66,NA,NA,NA,NA,NA,NA,NA
"67",67,NA,NA,NA,NA,NA,NA,NA
"68",68,NA,0.483265634160461,4,8,NA,NA,4
"69",69,-0.219776509252624,NA,NA,NA,NA,NA,NA
"70",70,0.00495374684374913,-0.8979079883257,NA,NA,NA,NA,NA
"71",71,-0.0527666406589447,-0.8979079883257,5,5,1,"FL",0
"72",72,-0.558243274982877,-2.27908161081186,7,2,1,"MN",-5
"73",73,0.242503217558602,1.86443925664662,1,9,2,"PA",8
"74",74,NA,0.483265634160461,7,9,1,"TN",2
"75",75,-0.154323595490514,0.483265634160461,4,5,1,"CO",1
"76",76,-0.00759275456252634,-0.8979079883257,7,7,1,"IL",0
"77",77,NA,NA,NA,NA,NA,NA,NA
"78",78,0.0832655362817222,NA,NA,NA,NA,NA,NA
"79",79,0.341574045873068,-0.8979079883257,5,5,1,"NY",0
"80",80,0.414769202399205,0.483265634160461,5,6,1,NA,1
"81",81,0.351995921569327,0.483265634160461,5,7,2,"VA",2
"82",82,0.560136008967628,NA,NA,NA,NA,NA,NA
"83",83,NA,NA,NA,NA,NA,NA,NA
"84",84,NA,NA,NA,NA,NA,NA,NA
"85",85,-0.163701238990961,-0.8979079883257,5,5,1,NA,0
"86",86,0.166126761618977,-0.8979079883257,5,5,2,"IN",0
"87",87,0.542736957244776,0.483265634160461,4,6,1,"WA",2
"88",88,0.205454401589056,0.483265634160461,4,6,1,"WA",2
"89",89,-0.193187904315873,-0.8979079883257,3,4,1,"CA",1
"90",90,0.588117970185302,NA,NA,NA,NA,NA,NA
"91",91,0.619028510012363,NA,NA,NA,NA,NA,NA
"92",92,0.69136927587482,0.483265634160461,4,9,1,"ME",5
"93",93,NA,NA,NA,NA,NA,NA,NA
"94",94,0.234546624999605,1.86443925664662,4,6,1,"OR",2
"95",95,0.899330352556199,1.86443925664662,7,8,2,"TX",1
"96",96,0.602173063635764,-0.8979079883257,5,2,1,"OH",-3
"97",97,NA,NA,NA,NA,NA,NA,NA
"98",98,1.18813342236775,0.483265634160461,4,5,1,"NJ",1
"99",99,NA,NA,NA,NA,NA,NA,NA
"100",100,0.485913866589076,0.483265634160461,5,6,1,"MA",1
"101",101,1.13853574253994,-0.8979079883257,5,5,1,"NJ",0
"102",102,0.087867400174566,0.483265634160461,5,7,1,"CA",2
"103",103,NA,NA,NA,NA,NA,NA,NA
"104",104,0.421268999620231,0.483265634160461,5,5,2,"NJ",0
"105",105,0.367011636677091,-0.8979079883257,5,5,1,"IL",0
"106",106,-0.194430885686364,0.483265634160461,6,6,2,"CA",0
"107",107,0.458374722551665,0.483265634160461,5,10,1,"CO",5
"108",108,NA,NA,NA,NA,NA,NA,NA
"109",109,NA,NA,NA,NA,NA,NA,NA
"110",110,0.863158456913113,0.483265634160461,5,7,1,"CO",2
"111",111,0.264459866206483,-0.8979079883257,7,8,1,"IL",1
"112",112,0.42673341505664,0.483265634160461,4,7,2,"WI",3
"113",113,0.218316472708748,-0.8979079883257,8,8,1,"NJ",0
"114",114,0.48295795160366,NA,NA,NA,NA,NA,NA
"115",115,NA,NA,NA,NA,NA,NA,NA
"116",116,NA,NA,NA,NA,NA,NA,NA
"117",117,0.867901590759796,-0.8979079883257,5,5,1,"WI",0
"118",118,-0.0698023104770434,NA,NA,NA,NA,NA,NA
"119",119,0.0520707361875188,-2.27908161081186,7,4,1,"AZ",-3
"120",120,NA,NA,NA,NA,NA,NA,NA
"121",121,0.616659998683786,0.483265634160461,4,7,1,"IL",3
"122",122,0.171309163873902,0.483265634160461,6,4,1,"CA",-2
"123",123,1.15328963337142,0.483265634160461,4,6,1,"NJ",2
"124",124,NA,NA,NA,NA,NA,NA,NA
"125",125,NA,NA,NA,NA,NA,NA,NA
"126",126,0.560992626234966,0.483265634160461,8,10,1,"TX",2
"127",127,1.16320924185446,0.483265634160461,5,6,1,"NC",1
"128",128,0.0722990357897162,NA,NA,NA,NA,NA,NA
"129",129,-0.090394969788135,-0.8979079883257,5,5,1,"OH",0
"130",130,0.277302648838026,-0.8979079883257,10,10,1,"AL",0
"131",131,0.13772644483646,0.483265634160461,5,6,1,"MN",1
"132",132,0.365285761991993,0.483265634160461,4,8,2,"TX",4
"133",133,NA,0.483265634160461,6,9,2,"OH",3
"134",134,-0.0223290093334694,-0.8979079883257,8,8,1,"TX",0
"135",135,0.282354269112408,0.483265634160461,4,8,2,"CA",4
"136",136,0.314522140666375,-0.8979079883257,5,5,1,"WA",0
"137",137,0.459771168805312,-2.27908161081186,6,4,2,NA,-2
"138",138,0.189551442773993,-0.8979079883257,5,5,2,NA,0
"139",139,0.697890357058915,NA,NA,NA,NA,NA,NA
"140",140,0.603529858376545,-0.8979079883257,3,5,1,NA,2
"141",141,1.02664192464114,1.86443925664662,4,8,2,NA,4
"142",142,-0.342840745447774,0.483265634160461,6,4,1,NA,-2
"143",143,-0.579529417642188,0.483265634160461,6,8,2,"CA",2
"144",144,0.949184640680831,1.86443925664662,3,10,1,"VA",7
"145",145,0.0339889395542934,0.483265634160461,5,5,2,NA,0
"146",146,0.654827370621996,0.483265634160461,5,5,2,"VA",0
"147",147,NA,NA,NA,NA,NA,NA,NA
"148",148,NA,NA,NA,NA,NA,NA,NA
"149",149,NA,NA,NA,NA,NA,NA,NA
"150",150,1.12411917378354,-0.8979079883257,5,5,1,"NH",0
"151",151,NA,-0.8979079883257,5,9,1,NA,4
"152",152,NA,NA,NA,NA,NA,NA,NA
"153",153,0.562499451705123,-0.8979079883257,7,6,1,"NH",-1
"154",154,0.197922976919111,-0.8979079883257,5,4,1,"MI",-1
"155",155,0.953033988088213,-0.8979079883257,5,5,1,"MI",0
"156",156,0.787136897148897,-0.8979079883257,5,5,1,"NJ",0
"157",157,0.921241107093959,0.483265634160461,5,7,1,"MN",2
"158",158,1.07721493305367,0.483265634160461,4,9,1,"SD",5
"159",159,0.00872876502357872,1.86443925664662,3,9,1,"SD",6
"160",160,NA,-0.8979079883257,5,5,2,"SD",0
"161",161,0.120047253232622,0.483265634160461,5,8,2,"SD",3
"162",162,0.131870692285288,NA,NA,NA,NA,NA,NA
"163",163,NA,NA,NA,NA,NA,NA,NA
"164",164,NA,NA,NA,NA,NA,NA,NA
"165",165,0.247575395972995,0.483265634160461,7,8,2,"SD",1
"166",166,0.493665819899477,0.483265634160461,5,8,1,NA,3
"167",167,NA,NA,NA,NA,NA,NA,NA
"168",168,0.651686110900966,-0.8979079883257,5,5,1,"MN",0
"169",169,NA,NA,NA,NA,NA,NA,NA
"170",170,-0.0320477856628122,NA,5,10,2,"SD",5
"171",171,0.150839846846279,-2.27908161081186,7,4,1,"VA",-3
"172",172,NA,NA,NA,NA,NA,NA,NA
"173",173,NA,NA,NA,NA,NA,NA,NA
"174",174,0.326970628743607,NA,NA,NA,NA,NA,NA
"175",175,NA,NA,NA,NA,NA,NA,NA
"176",176,NA,NA,NA,NA,NA,NA,NA
"177",177,NA,NA,NA,NA,NA,NA,NA
"178",178,NA,NA,NA,NA,NA,NA,NA
"179",179,0.501532206585947,0.483265634160461,4,6,2,"NY",2
"180",180,NA,NA,NA,NA,NA,NA,NA
"181",181,NA,NA,NA,NA,NA,NA,NA
"182",182,NA,NA,NA,NA,NA,NA,NA
"183",183,NA,NA,NA,NA,NA,NA,NA
"184",184,0.228085962357789,NA,NA,NA,NA,NA,NA
"185",185,NA,NA,NA,NA,NA,NA,NA
"186",186,0.734760754286629,0.483265634160461,5,6,1,"SD",1
"187",187,-0.148050787667386,0.483265634160461,4,8,1,NA,4
"188",188,NA,NA,NA,NA,NA,NA,NA
"189",189,0.31416357903497,1.86443925664662,3,10,2,"OH",7
"190",190,0.574412905989456,NA,NA,NA,NA,NA,NA
"191",191,-0.0831861318517501,-0.8979079883257,7,8,2,"SD",1
"192",192,0.826732140920665,0.483265634160461,6,9,2,"SD",3
"193",193,NA,NA,NA,NA,NA,NA,NA
"194",194,NA,0.483265634160461,6,5,2,"SD",-1
"195",195,NA,NA,NA,NA,NA,NA,NA
"196",196,NA,NA,NA,NA,NA,NA,NA
"197",197,0.011006448002338,-0.8979079883257,5,6,2,"SD",1
"198",198,-0.0947613529762288,-0.8979079883257,6,5,1,"PA",-1
"199",199,0.677772423714771,-0.8979079883257,10,10,2,"SD",0
"200",200,0.377202707216708,0.483265634160461,4,9,1,"SD",5
"201",201,-0.164711556000392,-0.8979079883257,8,8,2,"SD",0
"202",202,NA,NA,NA,NA,NA,NA,NA
"203",203,NA,0.483265634160461,7,10,2,"SD",3
"204",204,NA,NA,NA,NA,NA,NA,NA
"205",205,-0.0134515096864582,NA,NA,NA,NA,NA,NA
"206",206,0.51394600825513,0.483265634160461,5,7,2,"SD",2
"207",207,0.309769032311281,NA,NA,NA,NA,NA,NA
"208",208,-0.14749930686075,-0.8979079883257,10,10,1,NA,0
"209",209,0.127082947871575,0.483265634160461,4,9,1,"SD",5
"210",210,0.415808661202461,-0.8979079883257,5,5,1,"SD",0
"211",211,NA,NA,NA,NA,NA,NA,NA
"212",212,0.0106339029631757,0.483265634160461,8,9,1,"SD",1
"213",213,-0.232753491534145,0.483265634160461,8,7,1,"SD",-1
"214",214,0.140541866188888,0.483265634160461,8,7,1,"NJ",-1
"215",215,NA,1.86443925664662,2,8,2,"SD",6
"216",216,0.950768609236973,-0.8979079883257,5,5,1,NA,0
"217",217,NA,-0.8979079883257,5,5,2,"SD",0
"218",218,-0.175631128517655,-0.8979079883257,5,5,1,"SD",0
"219",219,0.378725953778832,NA,NA,NA,NA,NA,NA
"220",220,-0.132373574818877,0.483265634160461,6,6,1,NA,0
"221",221,0.0647488318137974,0.483265634160461,9,9,1,"AZ",0
"222",222,-0.025542287880207,0.483265634160461,4,5,1,"OR",1
"223",223,NA,NA,NA,NA,NA,NA,NA
"224",224,0.382761531187609,-3.66025523329802,5,5,1,"CA",0
"225",225,1.31972798852585,-0.8979079883257,5,5,2,"CA",0
"226",226,NA,1.86443925664662,5,7,2,"OH",2
"227",227,NA,NA,NA,NA,NA,NA,NA
"228",228,0.192936226225528,0.483265634160461,5,6,NA,NA,1
"229",229,NA,-0.8979079883257,6,5,2,NA,-1
"230",230,NA,NA,NA,NA,NA,NA,NA
"231",231,0.464049460886188,-0.8979079883257,5,5,1,"FL",0
"232",232,0.207467028956372,0.483265634160461,6,8,1,"NJ",2
"233",233,0.451373711472804,0.483265634160461,4,5,1,"NJ",1
"234",234,0.431558524448499,-0.8979079883257,6,4,1,"WA",-2
"235",235,0.262300068829996,0.483265634160461,3,5,1,"CT",2
"236",236,NA,0.483265634160461,NA,NA,NA,NA,NA
"237",237,-0.293689544282999,0.483265634160461,5,5,1,"MD",0
"238",238,-0.0582221149311408,NA,NA,NA,NA,NA,NA
"239",239,0.438881027365963,NA,NA,NA,NA,NA,NA
"240",240,-0.234556799694183,-0.8979079883257,8,8,1,"OH",0
"241",241,0.207823071376832,0.483265634160461,5,6,1,"NV",1
"242",242,0.0338320433762029,-0.8979079883257,5,5,1,NA,0
"243",243,0.417884784922285,NA,NA,NA,NA,NA,NA
"244",244,0.58881320307557,0.483265634160461,5,5,2,"VT",0
"245",245,NA,0.483265634160461,6,6,1,"CA",0
"246",246,0.226846202481103,-0.8979079883257,10,9,NA,NA,-1
"247",247,NA,NA,NA,NA,NA,NA,NA
"248",248,NA,NA,NA,NA,NA,NA,NA
"249",249,NA,NA,NA,NA,NA,NA,NA
"250",250,NA,NA,NA,NA,NA,NA,NA
"251",251,0.238205340093407,-0.8979079883257,7,6,1,"WI",-1
"252",252,0.156678440973392,0.483265634160461,6,7,2,"VA",1
"253",253,-0.0314786685325343,-0.8979079883257,5,5,NA,"LA",0
"254",254,-0.17318856330732,-2.27908161081186,4,4,1,"NJ",0
"255",255,0.386308563832923,-0.8979079883257,10,8,2,"TX",-2
"256",256,0.293013136932715,0.483265634160461,6,8,1,NA,2
"257",257,NA,NA,NA,NA,NA,NA,NA
"258",258,0.83694052816258,0.483265634160461,5,8,1,"NV",3
"259",259,0.0338663578678148,0.483265634160461,6,8,2,"NV",2
"260",260,0.670078749948406,1.86443925664662,0,10,2,"MO",10
"261",261,NA,NA,NA,NA,NA,NA,NA
"262",262,0.337050400058801,0.483265634160461,6,6,1,"WA",0
"263",263,0.148529376778114,NA,NA,NA,NA,NA,NA
"264",264,0.890700646581807,0.483265634160461,2,5,1,"NV",3
"265",265,-0.110709799662666,0.483265634160461,2,5,2,"NV",3
"266",266,-0.00361684213648841,-0.8979079883257,9,9,1,"NJ",0
"267",267,0.788834317287836,-0.8979079883257,7,8,2,"LA",1
"268",268,0.999671159246362,0.483265634160461,6,6,1,"NV",0
"269",269,-0.0105012733821588,-0.8979079883257,5,5,1,"TX",0
"270",270,0.761764850632163,0.483265634160461,6,6,1,"NV",0
"271",271,0.410844775319368,0.483265634160461,5,5,2,"VT",0
"272",272,-0.620716059181455,0.483265634160461,3,3,1,"LA",0
"273",273,-0.357412290894512,0.483265634160461,8,8,1,"LA",0
"274",274,0.0620344954260707,-0.8979079883257,8,8,1,"NC",0
"275",275,0.274758325995541,0.483265634160461,6,4,1,"NV",-2
"276",276,NA,-0.8979079883257,5,5,1,NA,0
"277",277,0.657985599304329,1.86443925664662,1,10,2,NA,9
"278",278,NA,-0.8979079883257,6,9,1,NA,3
"279",279,-0.441851622550804,0.483265634160461,4,6,1,NA,2
"280",280,NA,0.483265634160461,5,5,1,"OR",0
"281",281,NA,NA,NA,NA,NA,NA,NA
"282",282,NA,-0.8979079883257,5,5,1,NA,0
"283",283,-0.394180931160414,-0.8979079883257,5,5,2,NA,0
"284",284,0.670671464000486,1.86443925664662,3,7,2,"VA",4
"285",285,NA,NA,NA,NA,NA,NA,NA
"286",286,NA,NA,NA,NA,NA,NA,NA
"287",287,0.440192435023901,0.483265634160461,5,7,2,NA,2
"288",288,-0.271904644859525,NA,NA,NA,NA,NA,NA
"289",289,NA,NA,NA,NA,NA,NA,NA
"290",290,NA,NA,NA,NA,NA,NA,NA
"291",291,NA,NA,NA,NA,NA,NA,NA
"292",292,0.0464600582270163,NA,NA,NA,NA,NA,NA
"293",293,0.284211232684409,0.483265634160461,4,10,1,"MN",6
"294",294,NA,-0.8979079883257,5,5,1,"MA",0
"295",295,0.314627815565022,-0.8979079883257,5,5,2,NA,0
"296",296,NA,NA,NA,NA,NA,NA,NA
"297",297,-0.211150815423737,0.483265634160461,9,10,1,"MN",1
"298",298,0.115365297901159,-0.8979079883257,9,8,1,"MN",-1
"299",299,NA,0.483265634160461,7,6,1,"MN",-1
"300",300,0.956192726744437,0.483265634160461,8,9,1,"OH",1
"301",301,NA,NA,NA,NA,NA,NA,NA
"302",302,NA,NA,NA,NA,NA,NA,NA
"303",303,0.735456912685708,-0.8979079883257,7,8,1,"MD",1
"304",304,NA,NA,NA,NA,NA,NA,NA
"305",305,0.255950905218473,0.483265634160461,4,6,1,NA,2
"306",306,0.556426724988714,0.483265634160461,NA,4,NA,NA,NA
"307",307,NA,NA,NA,NA,NA,NA,NA
"308",308,0.751909038289275,-0.8979079883257,5,5,2,"WA",0
"309",309,NA,0.483265634160461,4,5,1,"WA",1
"310",310,0.299630004184294,0.483265634160461,5,5,1,"WA",0
"311",311,NA,NA,NA,NA,NA,NA,NA
"312",312,0.636850677199543,0.483265634160461,4,7,2,"WA",3
"313",313,NA,0.483265634160461,5,5,1,"WA",0
"314",314,NA,NA,NA,NA,NA,NA,NA
"315",315,0.0995080021160926,-0.8979079883257,5,5,1,"CO",0
"316",316,NA,NA,NA,NA,NA,NA,NA
"317",317,1.04481111657591,0.483265634160461,4,6,2,"OR",2
"318",318,0.543701191394257,-0.8979079883257,5,5,1,"OR",0
"319",319,NA,NA,NA,NA,NA,NA,NA
"320",320,0.516562230655665,0.483265634160461,5,5,1,"TX",0
"321",321,NA,1.86443925664662,2,10,2,"OR",8
"322",322,0.452413215796155,-0.8979079883257,8,8,1,"OH",0
"323",323,NA,NA,NA,NA,NA,NA,NA
"324",324,NA,NA,NA,NA,NA,NA,NA
"325",325,0.583442036972931,-0.8979079883257,6,10,2,"NV",4
"326",326,NA,NA,NA,NA,NA,NA,NA
"327",327,NA,NA,NA,NA,NA,NA,NA
"328",328,0.735783754998915,-0.8979079883257,5,5,1,"NC",0
"329",329,NA,NA,NA,NA,NA,NA,NA
"330",330,NA,1.86443925664662,6,10,2,"MI",4
"331",331,0.046266782280448,NA,NA,NA,NA,NA,NA
"332",332,-0.0974452526009919,-0.8979079883257,8,7,1,"NJ",-1
"333",333,NA,NA,NA,NA,NA,NA,NA
"334",334,0.0490042705779292,NA,NA,NA,NA,NA,NA
"335",335,NA,NA,NA,NA,NA,NA,NA
"336",336,0.801624938244597,0.483265634160461,7,8,2,"MI",1
"337",337,NA,NA,NA,NA,NA,NA,NA
"338",338,-0.786532509304083,-0.8979079883257,10,10,2,"MN",0
"339",339,0.507969161485117,-0.8979079883257,10,10,1,"MI",0
"340",340,NA,NA,NA,NA,NA,NA,NA
"341",341,NA,NA,NA,NA,NA,NA,NA
"342",342,0.307904209069756,NA,NA,NA,NA,NA,NA
"343",343,NA,0.483265634160461,5,7,1,"MI",2
"344",344,0.462697452283061,-0.8979079883257,NA,NA,NA,NA,NA
"345",345,-0.312992466853868,-0.8979079883257,4,6,1,NA,2
"346",346,NA,NA,NA,NA,NA,NA,NA
"347",347,-0.393940117893786,0.483265634160461,4,6,1,"MN",2
"348",348,-0.169584599131057,-0.8979079883257,5,5,1,"MN",0
"349",349,NA,NA,NA,NA,NA,NA,NA
"350",350,-0.0669936606828097,0.483265634160461,5,5,2,"MN",0
"351",351,0.0489454403094266,NA,NA,NA,NA,NA,NA
"352",352,0.676331677156967,NA,NA,NA,NA,NA,NA
"353",353,0.398711313119288,NA,NA,NA,NA,NA,NA
"354",354,NA,NA,NA,NA,NA,NA,NA
"355",355,0.349415261225118,-0.8979079883257,8,8,1,NA,0
"356",356,0.719501450571269,0.483265634160461,6,8,2,"MN",2
"357",357,0.336276779987521,NA,NA,NA,NA,NA,NA
"358",358,0.487540446977952,0.483265634160461,7,8,1,"IL",1
"359",359,NA,0.483265634160461,NA,NA,1,"MN",NA
"360",360,0.694085420531964,0.483265634160461,NA,NA,1,"MN",NA
"361",361,0.705605687417655,NA,NA,NA,NA,NA,NA
"362",362,NA,NA,NA,NA,NA,NA,NA
"363",363,0.428505557467974,0.483265634160461,4,6,1,NA,2
"364",364,0.812087634277654,0.483265634160461,5,8,2,NA,3
"365",365,0.797808660104989,-0.8979079883257,8,6,1,"MN",-2
"366",366,0.819319736137351,0.483265634160461,5,8,1,"WA",3
"367",367,NA,NA,NA,NA,NA,NA,NA
"368",368,0.421794803149992,0.483265634160461,4,8,2,"MN",4
"369",369,0.277844544067842,-0.8979079883257,5,5,1,"MN",0
"370",370,0.403652630951843,-0.8979079883257,10,10,1,"MN",0
"371",371,0.225721733257969,NA,NA,NA,NA,NA,NA
"372",372,-0.0836213896883335,-0.8979079883257,5,5,1,NA,0
"373",373,-0.27747394185484,-0.8979079883257,4,5,1,NA,1
"374",374,0.30804649193989,0.483265634160461,5,7,1,"MN",2
"375",375,0.0443571877465118,0.483265634160461,1,7,2,"MN",6
"376",376,-0.275439206572947,-0.8979079883257,5,5,1,"MN",0
"377",377,-0.214645884265493,-0.8979079883257,9,8,2,"MN",-1
"378",378,0.310009245860321,0.483265634160461,8,8,1,"MN",0
"379",379,0.35706577190666,-0.8979079883257,5,5,1,"OR",0
"380",380,NA,NA,NA,NA,NA,NA,NA
"381",381,-0.154592249544998,0.483265634160461,6,8,1,"CO",2
"382",382,0.546197751906316,0.483265634160461,6,5,1,"CA",-1
"383",383,NA,NA,NA,NA,NA,NA,NA
"384",384,0.567287320992613,NA,NA,NA,NA,NA,NA
"385",385,NA,NA,NA,NA,NA,NA,NA
"386",386,0.120418587742754,0.483265634160461,5,8,1,"MN",3
"387",387,NA,NA,NA,NA,NA,NA,NA
"388",388,0.0515167031155748,-0.8979079883257,5,7,1,"CA",2
"389",389,0.825161231456687,1.86443925664662,4,10,2,"CO",6
"390",390,NA,NA,NA,NA,NA,NA,NA
"391",391,-0.119431165417229,0.483265634160461,6,4,1,"WI",-2
"392",392,0.711851560225095,-0.8979079883257,5,5,2,"MN",0
"393",393,0.463448177015461,0.483265634160461,5,5,2,"CO",0
"394",394,NA,NA,NA,NA,NA,NA,NA
"395",395,-1.11595184058811,NA,NA,NA,NA,NA,NA
"396",396,NA,NA,NA,NA,NA,NA,NA
"397",397,NA,NA,NA,NA,NA,NA,NA
"398",398,0.616247471624955,NA,NA,NA,NA,NA,NA
"399",399,0.535136252800836,0.483265634160461,5,5,1,"CA",0
"400",400,0.298829513623574,NA,NA,NA,NA,NA,NA
"401",401,0.58287380821417,NA,NA,NA,NA,NA,NA
"402",402,-0.178749846712901,1.86443925664662,5,9,2,"CA",4
"403",403,0.264104782047956,0.483265634160461,5,6,1,"LA",1
"404",404,0.208661447136289,NA,NA,NA,NA,NA,NA
"405",405,0.447464557509398,-0.8979079883257,NA,5,NA,NA,NA
"406",406,0.0186716846986726,NA,NA,NA,NA,NA,NA
"407",407,0.162694900937737,NA,NA,NA,NA,NA,NA
"408",408,0.0476373027777065,-0.8979079883257,5,5,1,"IA",0
"409",409,0.172845738737702,NA,NA,NA,NA,NA,NA
"410",410,NA,NA,NA,NA,NA,NA,NA
"411",411,NA,0.483265634160461,6,8,1,"CO",2
"412",412,0.155182493623367,-2.27908161081186,6,4,1,"NJ",-2
"413",413,0.499351471824206,-0.8979079883257,5,5,1,"NV",0
"414",414,0.857265074631044,0.483265634160461,7,8,1,"IL",1
"415",415,-0.466225472533268,-0.8979079883257,5,5,1,"SD",0
"416",416,0.64943009796484,-0.8979079883257,5,7,1,"LA",2
"417",417,0.451607193670631,-0.8979079883257,10,4,1,"WI",-6
"418",418,0.00378840965177869,NA,NA,NA,NA,NA,NA
"419",419,0.141335263025506,0.483265634160461,8,8,2,"NV",0
"420",420,-0.238106738966304,-0.8979079883257,5,5,1,"NH",0
"421",421,NA,NA,NA,NA,NA,NA,NA
"422",422,0.687261905972141,0.483265634160461,7,8,2,"PA",1
"423",423,NA,-0.8979079883257,5,6,1,"NH",1
"424",424,NA,NA,NA,NA,NA,NA,NA
"425",425,0.364311343204758,0.483265634160461,5,8,1,"AZ",3
"426",426,NA,NA,NA,NA,NA,NA,NA
"427",427,0.0154002770628956,NA,NA,NA,NA,NA,NA
"428",428,0.376334451314525,NA,NA,NA,NA,NA,NA
"429",429,NA,NA,NA,NA,NA,NA,NA
"430",430,0.936560332688082,1.86443925664662,4,8,1,"NV",4
"431",431,NA,NA,NA,NA,NA,NA,NA
"432",432,0.0252063316227554,-0.8979079883257,5,6,2,"NV",1
"433",433,0.0635212127397296,-0.8979079883257,4,5,1,"MN",1
"434",434,NA,NA,NA,NA,NA,NA,NA
"435",435,0.594932167963878,0.483265634160461,7,7,1,"OH",0
"436",436,0.395027748737336,0.483265634160461,4,9,1,"MI",5
"437",437,0.212228806216647,-0.8979079883257,5,7,2,"NV",2
"438",438,NA,NA,NA,NA,NA,NA,NA
"439",439,0.531842049006044,0.483265634160461,6,9,1,"MI",3
"440",440,NA,-0.8979079883257,5,5,1,"NV",0
"441",441,NA,NA,NA,NA,NA,NA,NA
"442",442,0.588541300522574,0.483265634160461,5,10,2,"MI",5
"443",443,0.672268976341459,-0.8979079883257,9,8,1,"CO",-1
"444",444,0.589128381245912,NA,NA,NA,NA,NA,NA
"445",445,0.0807857407474752,NA,NA,NA,NA,NA,NA
"446",446,-0.243736982393469,-0.8979079883257,8,5,1,NA,-3
"447",447,0.158047428769196,0.483265634160461,2,8,1,"WA",6
"448",448,NA,NA,NA,NA,NA,NA,NA
"449",449,0.554143743021582,NA,NA,NA,NA,NA,NA
"450",450,NA,-0.8979079883257,5,5,1,"NV",0
"451",451,-0.176553257628408,-0.8979079883257,5,5,1,"CO",0
"452",452,NA,NA,NA,NA,NA,NA,NA
"453",453,NA,NA,NA,NA,NA,NA,NA
"454",454,NA,NA,NA,NA,NA,NA,NA
"455",455,-0.183809099564156,-0.8979079883257,5,5,1,"MN",0
"456",456,0.469757748530653,0.483265634160461,5,7,1,"KS",2
"457",457,NA,0.483265634160461,4,7,1,"NE",3
"458",458,0.12528309978983,0.483265634160461,8,9,1,"NE",1
"459",459,0.0818958557618436,NA,NA,NA,NA,NA,NA
"460",460,-0.0995019367295244,-2.27908161081186,9,9,1,NA,0
"461",461,0.417575287818896,0.483265634160461,7,7,1,"WI",0
"462",462,0.612654138098687,1.86443925664662,4,10,2,"NV",6
"463",463,NA,NA,NA,NA,NA,NA,NA
"464",464,NA,NA,NA,NA,NA,NA,NA
"465",465,0.7227618137656,0.483265634160461,5,7,1,"NJ",2
"466",466,1.21222677237046,NA,NA,NA,NA,NA,NA
"467",467,0.824523088330627,NA,NA,NA,NA,NA,NA
"468",468,0.579468668097377,0.483265634160461,5,6,1,"CO",1
"469",469,0.121729338233054,1.86443925664662,3,10,1,"NV",7
"470",470,-0.142314229235726,0.483265634160461,4,8,2,"NV",4
"471",471,NA,1.86443925664662,3,9,1,"TX",6
"472",472,0.703191196924209,1.86443925664662,2,10,1,"TX",8
"473",473,0.211404235436363,NA,9,9,1,"CO",0
"474",474,NA,-0.8979079883257,9,10,1,"NV",1
"475",475,0.251974802527583,-0.8979079883257,9,10,1,"NV",1
"476",476,NA,-2.27908161081186,8,3,1,"NV",-5
"477",477,NA,NA,NA,NA,NA,NA,NA
"478",478,NA,0.483265634160461,5,6,2,"CA",1
"479",479,NA,-0.8979079883257,5,5,1,"WI",0
"480",480,NA,0.483265634160461,4,7,2,"CO",3
"481",481,0.269871964459271,0.483265634160461,5,5,2,NA,0
"482",482,NA,NA,NA,NA,NA,NA,NA
"483",483,0.426281304037154,-0.8979079883257,5,5,1,"NV",0
"484",484,0.814646750980734,0.483265634160461,6,7,1,"WA",1
"485",485,0.591495193876773,0.483265634160461,4,4,1,"WA",0
"486",486,0.533270023502846,0.483265634160461,4,7,2,"CO",3
"487",487,0.195926676186713,-0.8979079883257,5,5,1,"NV",0
"488",488,NA,NA,NA,NA,NA,NA,NA
"489",489,0.601649307836168,0.483265634160461,5,5,1,"NV",0
"490",490,NA,NA,NA,NA,NA,NA,NA
"491",491,0.31545378905493,0.483265634160461,5,7,1,NA,2
"492",492,0.812662368745696,-0.8979079883257,5,5,2,"NV",0
"493",493,0.828675628491578,0.483265634160461,4,6,NA,NA,2
"494",494,NA,NA,NA,NA,NA,NA,NA
"495",495,NA,NA,NA,NA,NA,NA,NA
"496",496,-0.0814028517970981,0.483265634160461,5,9,1,"MN",4
"497",497,NA,NA,NA,NA,NA,NA,NA
"498",498,NA,NA,NA,NA,NA,NA,NA
"499",499,-0.175306664928375,-0.8979079883257,9,4,2,"NY",-5
"500",500,NA,NA,NA,NA,NA,NA,NA
